{
    "T1": 0.360422297431968,
    "T2": 0.021811000958734273,
    "T3": 0.04228092699404265,
    "T4": -0.42250197909169385
}