{
    "T1": 0.2530098718563647,
    "T2": -0.058058740741234384,
    "T3": -0.07429488592948501,
    "T4": -0.44206635723845167
}